id,name,revenue
cc5dcb7d-e794-456a-802c-64b4cfc68c09,Kyo,9839.579150911253
ceb03719-c07d-47a4-867d-8347d8f97fc6,Coronus,9748.833000353587
5b884d6c-2058-4708-ba30-83cbc08a1f2d,Flex,7174.528871995727
9055c6e0-5491-4c93-9a93-ce97a938d2fa,Versys Metal,8975.325306357669
